"Name","Number_of_Books"
) A. E. Coppard,1
) Fitz-James O'Brien,1
) Frederick Sanders,1
+),2
.,6
A,1
A Wallis Budge E A Wallis Budge,1
A. Bertram Chandler,12
A. Boucher,2
A. E. Van,1
A. E. Van Vog,1
A. E. Van Vogt,6
A. Merritt,1
A. R. Denison,1
A.B.C. Contre Poirot Agatha Christie,1
A.E. Van Vogt,4
A.E. Wallis Budge,1
A.L. Ed. Includes Alexander,1
A.L. Lomax,1
A.P. Sinnett,1
Aaron Copland,1
Abraham Merritt,20
Adam Chase,1
Addison Steele Ii,3
Afterword,1
Agatha Associés Contre Le Crime Christie,1
Agatha Christie,411
Agatha Christie Mallowan,2
Agatha Destination Inconnue Christie,2
Agatha La Mort Dans Les Nuages Christie,1
Agatha Miss Marple Au Club Du Mardi Christie,2
Agatha Poirot Joue Le Jeu Christie,2
Alan Barclay,1
Alan Barrister,1
Alan Burt Akers,1
Alan Dirkson,4
Alan Donovan August Derleth,1
Alan E. Nourse,2
Albert Emerson Brown,1
Albert Hernhunter),3
Albert K. Owen,1
Alden H.,2
Alden H. Norton,5
Alec Templeton,1
Alex,1
Alex Apostolides,4
Alex Kirs,3
Alexander Blade,2
Alexander C. Irvine,1
Alexander Pope,1
Alexander Winston,1
Alexei,7
Alfred,2
Alfred / Derleth Bester,1
Alfred Bester,2
Alfred Coppel,4
Alfred H. Bill,1
Alfred Hitchcock,7
Alfred Hitchcock (Richard Hardwick,1
Alfred Jr. Coppel,1
Alfred L. Hampson,2
Alfred Leete Hampson,1
Alfred Lord Tennyson,1
Algernon Blackwood,13
Algernon Blackwood Arthur Conan Doyle,1
Algis Budrys,15
Algis J. Budrys,2
Alice Eleanor Jones,1
Alice-Mary Schnirring,1
Alistair Maclean,2
Allan Masterson,1
Allen J. Hubin,2
Allison V Harding,1
Allison V. Harding,4
Allison V. Harding),1
Alma Flor Ada,1
Alois Piringer,1
Alphajuri,1
Alva Mitchell,2
Alva Mitchell Frederick E. Giesecke,1
Alvin Redman,1
Alvin Taylor,1
Alyssa Harad,2
Amazing (A. Bertram Chandler,3
Amazing (Charles Cloukey,4
Amazing (Craig Browning,1
Amazing (Kate Wilhelm,1
Amazing (Robert Moore Williams,1
Ambrose,1
Ambrose / Illustrated By Ferebe Streett Bierce,1
Ambrose Bierce,289
Ambrose Bierce/Roy Morris Jr.,1
Ambrose Ed: Jackson Bierce,1
Ambrose Gwinnett Bierce,12
Ambrose) Fadiman Bierce,1
Ambrose.,2
Ambrose. Bierce,7
Ambrose. Compiled By Carroll D. Hall. Foreword By Joseph Henry Jackson. Bierce,1
Ambrose. Introduction By Clifton Fadiman. Bierce,1
Amelia B. Edwards,1
Amelia Edwards,4
Amy Bllom,1
Anatole France,1
Andersen Poul,2
Andre Norton,18
Andre Norton),1
Andrew,4
Andrew Crichton,63
Andrew Crichton Christopher William Koch,2
Andrew Crichton John Blackadder,1
Andrew Crichton Prideaux John Selby,1
Andrew Crichton William Jardine,1
Andrew Crichton William Swainson,1
Andrew Hecht,1
Andrew Humphries,3
Andrew J Offutt,2
Andrew J. Offutt,8
Andrew J. Offutt Robert E. Howard,1
Andrew Lang,11
Andrew Offutt,5
Andrew Roberts,2
Andrew. Crichton,3
Angel Roberts,2
Angela Cohen,1
Angus,1
Ann Ward Radcliffe,1
Anna Gooding Dodge,1
Anne Bradstreet,9
Anne Bradstreet Phillis Wheatley Marianne Moore Sylvia Plath Emily Dickinson Hilda Doolittle Edna St. Vincent Millay Amy Lowell Emma Lazarus,1
Anonymous,1
Anthony Andrews,2
Anthony Boucher,6
Anthony M. Rud,1
Antonella Caputo Arthur Conan Doyle,1
Antonio Machado,1
Archie Goodwin,1
Arnol Bennett,1
Art Lewis,1
Arthur,1
Arthur Burke Leigh Brackett,4
Arthur C. Clarke,17
Arthur C. Clarke Isaac Asimov,1
Arthur Conan,2
Arthur Conan  Haining Doyle,1
Arthur Conan Doyle,293
Arthur Conan Doyle Jack London,1
Arthur Conan Doyle Sir,2
Arthur Conan) Haycraft Doyle,1
Arthur Conan. Doyle,2
Arthur Dekker Savage,1
Arthur G. Hill,3
Arthur G. Strangland,2
Arthur J. Burke,1
Arthur J. Burks,4
Arthur J. Cox,2
Arthur Leo Zagat,1
Arthur Machen,9
Arthur Miller,18
Arthur Porges,6
Arthur Sellings,1
Arthur T. Harris,1
Arthur Tofte,1
Arthur W. Saha,1
Arthur Woodward,1
Arthurs C. Clarke,1
Aryan Theosophical Press Helena Petrovna Blavatsky,4
Asimov'S (Larry Niven,3
Astonishing (James Maccreigh,1
Astounding (C. L. Moore,1
At Al,1
August,2
August . Derleth,1
August / Beaumont Derleth,1
August / Powell Derleth,2
August / Vision Book #3 / H. Lawrence Hoffman Derleth,1
August Arnold,1
August Derleth,1003
August Derleth ),2
August Derleth Contributions By Alice Clear Matthews,1
August Derleth Ed.,1
August Derleth Edited By Dorothy Mcilwraith With Stories By Carl Jacobi,1
August Derleth Edited By Dorothy Mcilwraith With Stories Edmond Hamilton,1
August Derleth Edited By Jules Saltman With Stories By Philip K. Dick,1
August Derleth Editior,1
August Derleth George T. Wetzel,1
August Derleth H. P.,1
August Derleth Society,1
August Derleth),3
August Derleth.,1
August Derleth],1
August Ed. Derleth,3
August Editor Derleth,1
August Editor) Derleth,1
August Science Fiction) Derleth,2
August W. Beaumont Derleth,1
August W. Derleth,14
August William Derleth,71
August William. Derleth,1
August. Derleth,13
August. Forward By Donald Wandrei Derleth,1
Avram / Rohmer Davidson,3
Avram Davidson,18
Avram Davidson),2
B. K. Filer,4
Babette Rosmond,1
Baines Malory,1
Baird Searles),1
Bantam Books,1
Barry B. Longyear,1
Barry Malzberg,2
Barry N. Malzberg,12
Bart Somers,2
Basil Copper,5
Basil Wells,11
Ben Hecht,1
Ben Ireland Samuel A. Mayo,1
Ben King Walt Whitman,4
Ben P. Indick,1
Benj. Miller,1
Benjamin Miller,3
Berkeley Livingston,1
Bernice Burton Brooke,1
Bernice Carey,1
Beth G. Fawkes August W. Derleth,1
Betty M. Owen,5
Betty Swinford,1
Bidpai.,2
Bierce,2
Bierce Ambrose,3
Bierce.Ambrose,1
Bill Brown,1
Bill Brown),1
Bill Warren,1
Bjorn Nyberg,9
Björn Nyberg,2
Blake E. Peterson Gary L. Musser,3
Blavatsky H. P.,33
Blavatsky Helena,1
Blavatsky Helena P.,1
Blavatsky Helena Petrovna,2
Blavatsky Helena Petrowna,1
Blavatsky Héléna-Pétrowna,2
Bob,1
Bob Pepper,1
Bob Shaw,5
Boisgilbert,1
Boisgilbert Edmund,1
Boris De Zirkoff Helena Petrovna Blavatsky,2
Boris Karloff,1
Boris Vallejo,1
Borja García Bercero,2
Brackett,6
Brackett Leigh,38
Brackett Leigh / Robert Silverberg,1
Brackett Leigh.,3
Bram Stoker,27
Bram Stoker Edgar Allan Poe,3
Brent Ashabranner,1
Brett Sterling),1
Brian Lumley,4
Brian M. Stableford),1
Brian W. Aldiss,4
British Museum,2
Brooks Noel,1
Brother David Steindl-Rast,1
Brothers Paul W. Fairman,2
Bruce Catton,1
Bruce D. Arthurs),1
Bruce Hunsberger,2
Bruce Mcallister,2
Bruce W. Ronald,4
Bryce Walton,5
Budge,3
Budge E. A. Wallis,6
Budge E. A. Wallis Budge,4
Budge E. A. Wallis Sir,10
Budge E.A.Wallis Budge E.A.Wallis,4
Budge Wallis E. A.,1
Bulfinch Thomas,11
Burton Armus,2
C S Forester,1
C. A. Cador,2
C. B. Giilford,1
C. B. Gilford,3
C. C. Macapp,16
C. F. Birdsall,1
C. G. Cobb),1
C. I Cento Linguaggi Dei Bambini. L'Approccio Di Reggio Emilia All'Educazione Dell'Infanzia Edwards,1
C. J. Cherryh,8
C. J. Wedlake,1
C. L. Grant,4
C. L. Moore,12
C. M. Kornbluth,5
C. Merton Babcock,1
C. S. Forester,1
C. W. E. Bigsby,1
C.C. Macapp,1
C.J. Cutliffe,1
C.J. Cutliffe Hyne,2
Cain Bierce,1
Caitlin Matthews,1
Captain S. P. Meek,2
Carl Jacobi,18
Carl Sandburg,1
Carleton Grindle,1
Carll Jacobi,1
Carlton Smith,1
Carol Costello,1
Carol Easton,2
Carol Emshwiller,2
Carole Argand Degoumois,1
Carole Marsh,2
Caroline Leavitt,2
Carter,1
Carter Dickson,1
Carter Lin,5
Carter Sprague,4
Carys Cragg,3
Catherine Austen,1
Cecilia Dart-Thornton,1
Cele Goldsmith,5
Chad Oliver,5
Chad Oliver),1
Chandler Borssard,3
Charles,9
Charles A. Stearns,7
Charles A. Stearns),1
Charles A. Stearns) Hendryx,1
Charles Adapted As A Novel By Osborne,1
Charles Beaumont,16
Charles Charles Dickens,1
Charles Devet),2
Charles Dickens,359
Charles Dickens Sherri Browning Erwin,1
Charles E. Fritch,4
Charles Einstein,2
Charles Fort,16
Charles L. Fontenay,2
Charles L. Grant,3
Charles L. Harness,8
Charles M. Collins,1
Charles Mills Gayley,2
Charles Q. Bufe,2
Charles R. Tanner,2
Charles Richard Sanders,1
Charles Samuels,1
Charles Scribner,1
Charles Sheffield,3
Charles V. De Vet,7
Charles W. Runyon,5
Charles Wimberly Lowry,1
Charles) Merchant (Dickens,1
Charles-Dickens,5
Charles. Illustrated By Mary Petty Dickens,2
Charlotte Brontë,1
Chas E Stearns,1
Chas. A. Stearns,1
Chaz Bufe,1
Chelsea Quinn Yarbro,2
Chi Chung,1
Children'S Classics Edgar Rice Burroughs,1
Chr. De Koch,8
Chris Crutcher,10
Chris Gabrysch,1
Christie Agatha,8
Christina Rossetti,1
Christine M. Rosner Rn Phd Anne-Marie Kiehne Rn Msn,1
Christmas Humphreys,1
Christoper William Koch,1
Christophe Guillaume De Koch,2
Christopher Anvil,7
Christopher Anvil John Brunner,1
Christopher Benfey,1
Christopher Holme,2
Christopher Morley,1
Christopher Priest,1
Christopher Spinrad Priest,2
Christopher William. Trans. Andrew Crichton. Continuation By M. Schoell. Koch,1
Claire Lamont,1
Claire Throp,1
Clare Winger Harris,9
Clark Ashoton Smith,1
Clark Ashton / Kline Smith,2
Clark Ashton Smith,28
Clark Ashton Smith Clark Ashton Smith,1
Clark Ashton Smith Isaac Asimov,2
Clark Ashton Smith Ray Bradbury,1
Clark Ashton Smith),3
Clayton Rawson,1
Clemence Housman,2
Clement,1
Clement C. Moore,1
Cleve Cartmill,6
Clifford Ashdown,1
Clifford D. Simak,7
Clifford Simak,2
Clifton Fadiman,1
Colin Saxton,1
Comet (E. E. Smith,1
Compiled By Rupert,1
Conan L. Troy,3
Conan T Troy,1
Contributors. Robert Abernathy,1
Conway Conley,3
Cordwainer Smith,2
Cornell Woolrich,1
Cornell Woolrich Authors Include : Hugh Pentecost,1
Corness Woolrich,3
Crai,1
Craig Browning,2
Craig Shaw Gard,3
Craig Shaw Gard Carter,4
Craig Tennis,3
Crichton Andrew,48
Crichton Andrew.,2
Curt Siodmak,2
Curtis W. Casewit,1
Cynthia Rowley,1
Cyril Mand,1
D Allen Morrisey,1
D. Allen Morrissey),3
D. M. Melton,6
D. Scott-Moncrieff,1
D. W. Barefoot),5
Dal Stivens,1
Damon Knight,8
Dan Kelly,2
Daniel B. Dodson,1
Daniel Defoe,14
Daniel F. Galouye,4
Daniel Gordon,1
Daniel Keyes,2
Dannie Plachta,5
Darby Perry,1
Darnay Zelazny,1
Darrel Greene,4
Darrell Schweitzer),3
Dave Bischoff,3
David A. Kyle,1
David A. Truesdale,1
David Bischoff,3
David Campton,1
David Drake,3
David Eastman,1
David Eynon,2
David Grinnell,12
David Grinnell Philip E. High,2
David H Keller,2
David R. Bunch,1
David R. Bunch),1
David Redd,1
David Taylor,1
David V. Reed,2
David V. Reed),1
David Wright O'Brien,2
Davies. L. P.,1
Davis Grubb,1
De Camp,45
De Camp. L. Sprague,1
De Castro,2
Dean Grinnell,1
Dean Mclaughlin,1
Deems Taylor,2
Dennis More,7
Derleth,2
Derleth August,27
Derleth.August,1
Diana Attias,5
Diana L. Paxson,3
Diana Marcellas,1
Diana Tixier Herald,1
Diane Duane,8
Dickens Charles,7
Dickens The Mystery Of Edwin Drood,1
Dickens-Charles,5
Dickinson Emily,1
Dickinson Emily Dickinson Emily,2
Dirk Gringhuis,1
Dirk Wylie,2
Disney Book Group,1
Don Ford,1
Don Wilcox,2
Dona Tolson,1
Donald A.,2
Donald A. Wollheim,13
Donald A. Wollheim),1
Donald Corley,1
Donald E. Westlake,2
Donald Honig,1
Donald Laverty,1
Donald M. Grant,1
Donald Moore,1
Donald Wandrei,9
Donald Wandrel,1
Donald Wollheim,1
Donnelly Ignatius,36
Donnelly Ignatius Author.,1
Donovan Fitzpatrick,1
Doris Piserchia,1
Dorothy A. Palmer,2
Dorothy L. Sayers,1
Dorothy Qu,1
Dorothy Quick,5
Dorthy Eden,1
Douglas Lambert,2
Douglas Leach,1
Douglas R.,1
Douglas R. Mason,1
Dover Thrift Editions,7
Dr. Edward E. Smith,2
Dr. John William Polidori,1
Drake,3
Duane Decker,1
Dudley Fitts,1
Dwina Murphy-Gibb,1
E A Wallis Budge,34
E A Wallis Budge.,2
E Wallis Budge,1
E. A. Grosser,2
E. A. W. Budge,1
E. A. Wal,1
E. A. Wallis + Mchague + Drimmer Budge,1
E. A. Wallis Budge,312
E. A. Wallis Budge John Patrick Crichton,1
E. A. Wallis. Budge,9
E. A. Walton,4
E. B. White,2
E. C. Tubb,1
E. E. Hale,1
E. E. Smith,2
E. Everett Evans,9
E. F. Benson,1
E. F. Bleiler,6
E. Hoffmann Price,1
E. Mittleman),1
E. Nelson Bridwell,3
E. Randall Floyd,1
E. S. Nixon,1
E. W. Tomlinson,1
E. Wallis Budge,10
E. Wallis. Budge,1
E.A. Wallis Budge,14
E.A. Wallis. Budge,8
E.A.Wallis Budge,6
E.A.Wallis Budge E.A.Wallis Budge,4
E.F. Benson,1
E.W. Townsend,1
Earl Goodale,2
Ed Donald A Wollheim,1
Ed Lacy,2
Ed Lacy Hitchcock,2
Ed Mcbain,2
Ed. August Derleth,1
Ed. Flora V. Livingston,1
Eddie Joseph Carl M. Langdon,1
Eden Phillpotts,1
Edgar Allan Poe,21
Edgar Lee,1
Edgar Rice,1
Edgar Rice Burrough,1
Edgar Rice Burroughs,713
Edgar Rice Burroughs Edgar Rice Burroughs,2
Edgar Rice Burroughs Kathleen Weidner Zoehfeld,6
Edited By Alfred Hitchcock,1
Edited By August Derleth,6
Edited By By Mabel Loomis Todd,1
Edited By Clifford L. Lord,1
Edited By Edgerton Sykes,1
Edited By Ernest Rhys,1
Edited By Leigh Brackett,1
Edited By Rev. J. Loughran Scott Bulfinch Thomas,1
Editior,1
Editor,2
Editor John Gilland Brunini,1
Editor Leigh Brackett,5
Editor Rev. J. Loughran Scott,1
Editor Robert N. Linscott,1
Editor W. Paul Ganley,1
Editor-Thomas H. Johnson,1
Editor.,1
Editors Of Time-Life Books,1
Editors: Mabel Loomis Todd T W Higginson,1
Edmond / Brackett Hamilton,1
Edmond // Brackett Hamilton,2
Edmond Hamilton,52
Edmond Hamilton Leigh Brackett,1
Edmond Startling (Hamilton,2
Edmond/ Jorgenson Hamilton,1
Edmund Boisgilberrt,1
Edmund Boisgilbert,6
Edmund Fuller,5
Edmund H. Leftwich,1
Edna L.S. Barker August Derleth,1
Edna St. Vincent Millay,2
Edward D. Hoch,4
Edward D. Hoch Joseph Green,1
Edward Everett Hale,2
Edward Lear,2
Edward Lucas White,3
Edward Wellen,2
Edwin James,2
Edwin P. Geauque,1
Eelisabeth Sanxay Holding,1
Eeric Frank Russell,1
Eernest Wallis Budge,1
Egerton Sykes,9
Egerton Sykes Ignatius Donnelly,1
Eileen Daly,1
Elaine Lalanne,4
Elena Sbedico Smith,1
Eli Colter,1
Elizabeth Barrett Browning,13
Elizabeth Berkeley,2
Elizabeth Counselman,1
Elizabeth Dickinson,1
Elizabeth Preston,1
Ella Wheeler Wilcox,1
Ellen Glasgow,1
Ellery Queen,4
Ellery Sedgwick,1
Ellsworth S. Grant,1
Emil Petaja,4
Emilia Marryat Norris,1
Emily,11
Emily . Dickinson,1
Emily / Edited By Martha Dickinson Bianchi Dickinson,1
Emily / Johnson Dickinson,1
Emily / Robert N. Linscott Dickinson,12
Emily / Thomas H. Johnson Dickinson,2
Emily / With Introduction Dickinson,1
Emily Dickinson,433
Emily Dickinson Geoffrey Moore Editor,1
Emily Edited By Thomas H. Johnson Dickinson,1
Emily Elizabeth ) Todd Dickinson,2
Emily Elizabeth Dickinson,2
Emily Fragos,2
Emily Ich Wohn' Im Haus Der Möglichkeit Dickinson,1
Emily. Bianchi Dickinson,1
Emily. Dickinson,5
Emily. Mabel Loomis Todd Dickinson,1
Emma Thompson,5
Enid Bagnold Marie Belloc Lowndes,1
Eric Frank Russell,10
Eric Kincaid,3
Eric S. Brown H.G. Wells,1
Eric Von Daniken,10
Eric Wilson,1
Erle Stanley Gardner,4
Ernest A Wallis,2
Ernest A Wallis Budge,7
Ernest A Willis Budge,1
Ernest A. Wallis Budge,17
Ernest Alfred Thompson Wallis Budge,12
Ernest Alfred Wallis Budge,11
Ernest Alfred Wallis Budge Palladius Athanasius,1
Ernest Alfred Wallis E A Wallis Budge,1
Ernest Bramah,1
Ernest Hill,1
Ernest Wallis Budge,1
Ernesto Gastaldi,3
Ester D. Cole,1
Et. Al.,56
Etc.,1
Etc. Leigh Brackett,1
Eth Clifford,1
Ethel G. Lewis,1
Etzensberger R.,2
Eugene Field,1
Eustace Cockrell,1
Evan Hunter,2
Evangeline / Lin Carter Walton,1
Evangeline Walton,5
Evelyn E. Smith,5
Everett,1
Ewen Whyte,4
F&Sf (A. Bester,2
F&Sf (C. M. Kornbluth,1
F&Sf (Damon Knight,5
F&Sf (R. Bretnor,1
F&Sf (Robert Silverberg,1
F&Sf (Roger Zelazny,2
F&Sf (Sonya Dorman,1
F&Sf (Thomas Burnett Swann,1
F. A. Wallis Budge.,1
F. E. Hardart,1
F. M. Busby,1
F. Marion Crawford,2
F. Paul Wilson,1
F. X. Milhaus),3
F.D. Sherman,1
Fairclough Dickens,2
Famous Fantastic Mysteries,5
Famous Fantastic Mysteries (C. S. Forester,2
Famous Fantastic Mysteries (Francis Stevens,2
Fannie H,2
Fannie Hurst,1
Fantasies Mcgill,2
Fantastic (Avram Davidson,8
Fantastic (Chad Oliver,2
Fantastic (Ed Bryant,1
Fantastic (Fritz Leiber,3
Fantastic (Gordon Eklund,1
Fantastic (L. Sprague De Camp,12
Fantastic (Marvin Kaye,1
Fantastic (Ted White,1
Fantastic (Thomas Burnett Swann,2
Fantastic Adventures (Alexander Blade,2
Fantastic Story (A. E. Van Vogt,2
Fantastic Story (Leigh Brackett,5
Fantasy Fiction (L. Sprague De Camp,1
Felix C. Gotschalk,1
Finn O'Donnevan,1
Fitz-James O'Brien,1
Fletcher Flora,3
Fletcher Pratt,6
Foreword By August Derleth,1
Forrest J. Ackerman,1
Fox B. Holden,2
Frances Baker Mason,1
Frances M. Deegan,1
Frances Schoonmaker Bolin,1
Francis Bacon,1
Francis Swann,1
Francisco Torres Oliver,1
Francoise Fromonot,1
Frank Belknap Long,17
Frank Belknap Long ),1
Frank Bridge,1
Frank C. Pape',1
Frank Frazetta,1
Frank Gruber,1
Frank Harvey,1
Frank Herbert,4
Frank Herbert),5
Frank M. Robinson,2
Frank Norris,1
Frank Owen,2
Frank Patton,1
Frank Patton),1
Frank R. Paul),2
Frank Thomas,2
Frank Utpatel,5
Franz Kafka,1
Fred Freair,2
Fred Saberhagen,10
Frederic Brown,1
Frederick Sanders,1
Frederik Pohl,9
Frederik Pohl),1
Fredric Brown,21
Fritz Jr. Leiber,1
Fritz Leiber,42
Fritz Leiber Clark Ashton Smith,3
Fritz Leiber Leigh Brackett,1
G. Fred Asbell M.R. James,4
G. G. Pendarves (Gladys Gordon Trenery,1
G. Gordon Dewey,3
G. H. Irwin,2
G. McDonald Wallis,1
G. Mcdonald Wallis,4
G. Mcdonald Wallis/Leigh Brackett,1
G. Mcdonald/Brackett Wallis,1
G. Peyton Wertenbaker,1
G.H. Derby,1
Gahan Wilson,1
Gail Kimberly,1
Gardner F. Fox,20
Gardner Fox,2
Gardner R. Dubious,1
Garen Drussai,2
Garnett Radcliffe,1
Gary Myers,2
Gelett Burgess,1
Gene Wolfe,4
Gennadiy Gor,4
Geo. Alec Effinger,4
George,1
George A. Whittington,1
George Alec Effinger,1
George Barkin,1
George Eliot,5
George Gordon,5
George Gordon Byron Byron John William Polidori,1
George H / Lin Carter Smith,1
George H. / Carter Smith,1
George H. Johnston,1
George H. Smith,11
George Harmon / Mcculley Coxe,1
George Lucas,10
George O'Toole,2
George O. Smith,2
George Orwell,19
George R. Price,1
George Sanders,3
George Wesley,1
George Whitley,1
Gerald Carson,1
Gerald Page,1
Gerald Page On Edgar Rice Burroughs),1
Gerald Vance,3
Geraldine,1
Gernsback,1
Gernsback Hugo Und Übers. Von Fritz Steinbeck,1
Gertrude Barrows Bennett,2
Gervasio Gallardo,1
Gil Brewer,2
Giles Greenfield,5
Ginger Kaderabek,3
Glenda Bendure,1
Glenn Lord,1
Gordon Dewey,3
Gordon Eklund,10
Gordon R. Dickson,15
Gordon R. Dickson Godwin,1
Gordon R. Dickson),4
Gordon W. Spence,1
Gore Vidal,1
Grace F. Knoche,1
Grace F. Knoche Helena Petrovna Blavatsky,2
Graham Greene,2
Graham Mcnamee,1
Grania D. Davis,3
Grania Davis,5
Grant Carrington),3
Grant Overton,3
Grant.Includes.Rinehart Overton,2
Graph Waldeyer,3
Great Stories By Leigh Brackett Donald A. Wollheim Editor,2
Greg Bear,1
Greg Benford,1
Gregory Luce,1
Greye La Spina,1
Griffith Borgeson,1
Grisha Dotzenko,1
Groff Conklin,2
Gustav Adolf Danziger,1
Guy De Maupassant,2
Gwyneth Lewis,1
H Lovecraft,1
H P Blavatsky,3
H P Lovecraft,9
H Sanford Effron,1
H. (With August Derleth P.,1
H. B. Fyfe,1
H. B. Michael,3
H. Beam Piper,1
H. Bedford Jones,1
H. G. Wells,29
H. H. Hollis,6
H. L.,2
H. L. Gold,3
H. L. Mencken,1
H. Lawrence Hoffman August William Derleth,1
H. P Lovecraft,4
H. P. (With August Derleth Lovecraft,1
H. P. Blavatsky,29
H. P. Lovecraft,74
H. P. Lovercraft,1
H. Rider Haggard,1
H. Russell Wakefield,4
H. Sanford Effron),1
H.G.,1
H.G. Wells,1
H.P Lovecraft,1
H.P Lovercraft August Derleth,1
H.P. Blavatsky,6
H.P. Loveccraft,1
H.P. Lovecraft,37
H.P. Lovecraft Clark Ashton Smith,1
H.P. Lovecraft Y August Derleth,1
H.P./ Derleth Lovecraft,1
H.P.And August Derleth Lovecraft,1
Hal Cantor,2
Hal Clement,8
Hal Dresner,1
Hal Ellson,5
Hamilton Edmond,1
Hank Davis,1
Hannes Bok,9
Hans Munk Hansen,1
Hans Stefan Santesson,4
Hardy Kruger John Wayne,1
Harl Vincent,3
Harlan / Derleth Ellison,1
Harlan Carter Ellison,1
Harlan Ellison,18
Harold C. Fosse,3
Harold Lawlor,4
Harold Lawlor Joseph Conrad,1
Harold Macgrath Macgrath Harold Macgrath,1
Harold Stassen,1
Harold Vinal,2
Harriet A. Bradfield,1
Harriet Beecher Stowe,1
Harriet Bradford,1
Harry Edward Soyster William J Boykin,1
Harry Harrison,6
Harry Walton,1
Harvey Jacobs,2
Haskell Barkin,1
Hayden Howard,8
Hazel Ed. Includes Felleman,1
Hazel Heald,2
Heinz Plummer,1
Helen Mcneil,3
Helen Nielson,3
Helen Sewell,3
Helena Blavatsky,10
Helena P Blavatsky,8
Helena P.,1
Helena P. Blavatsky,31
Helena P. Blavatsky: Comentados Por Mario Roso De Luna,1
Helena P. Radda-Bai Blavatsky,1
Helena P. Und Arthur Blavatsky,1
Helena Pe Blavatsky,6
Helena Petrouna Blavatsky,1
Helena Petrova Blavatsky,2
Helena Petrovna Blavatsky,91
Helena Petrowa Blavatsky,1
Helena Petrowna Blavatsky,4
Helena Pretrovna Blavatsky,1
Helena-Petrovna. Revisee Blavatsky,1
Helene Petrovna Blavatsky,2
Henri Nouwen,1
Henry A Wallace,1
Henry Brook Arthur Conan Doyle,1
Henry David Thoreau,21
Henry Gade,2
Henry George Weiss August W. Derleth,1
Henry Guth,4
Henry Hasse,7
Henry James,15
Henry James Jr.,1
Henry Knuther,1
Henry Kut,1
Henry Kuttner,35
Henry Kuttner),1
Henry L. Shapiro,1
Henry Mazzeo,1
Henry Miller,1
Henry Misrock,1
Henry S. Whitehead,4
Henry Slesar,10
Henry Slesar),2
Henry Smith,1
Henry Wheaton,1
Henry Wheaton Andrew Crichton,2
Herbert Asbury,1
Herbert W. Armstrong,1
Herbert Whyte,1
Herman Melville,20
Higginson Dickinson,10
Hodge Winsell,2
Hogan Smith,5
Horace L. Gold,9
Horace Walpole,7
Horace Walpole E. F. Bleiler,1
Howard,2
Howard C.,1
Howard C. Hill,1
Howard E. Butler Robert T. Amsden,6
Howard Goldsmith,1
Howard Hawks,1
Howard P. Lovecraft,2
Howard P. Und August Derleth Lovecraft,1
Howard Phillips Lovecraft,4
Howard Phillips Lovecraft Y August Derleth,1
Howard Schoenfeld,1
Howard Wandrei,3
Hugh Frazier Parker,3
Hugh Pentecost,4
Hugo,1
Hugo Gernsback,18
Hugo Gernsback),4
Iain M. Banks,1
Ian Mcewan,1
If (A. A. Walde,2
If (Andrew J. Offutt,4
If (Gardner Raymond Dozois,3
If (J. F. Bone,3
If (J. T. Mcintosh,1
If (James H. Schmitz,2
If (John Rankine,2
If (Keith Laumer,4
If (Larry Niven,3
If (Robert Moore Williams,3
If (Terry Carr,3
Ignatius / Edited By Egerton Sykes Donnelly,1
Ignatius Donnelly,185
Ignatius Donnelly.,2
Ignatius Loyola Donnelly,3
Ignatius. Donnelly,10
Ignatius. Sykes Donnelly,1
Ignatius|Egerton Sykes Donnelly,1
Illus Aldren A. Watson,1
Illus John Lawn,1
Illus. Frank Utpatel,1
Illustrated By Arthur Rackham Dickens,2
Illustrated By Federico Castellon,1
Illustrated By Grisha Dotzenko,1
Illustrated By Grisha Dotzenko.,1
Illustrations By Arthur Shilstone,1
Illustrator-F. Van Leeuwen,1
Illustrator-Frank,3
Intro: George Sterling.,1
Introduction,2
Introduction By Carey Mcwilliams,1
Introduction By Daniel B. Dodson,1
Introduction By Lin Carter,1
Introduction By Lin Carter Hyne,1
Introduction By Maurice Valency,1
Irving Cox Jr.,1
Irving Cox Jr.),2
Irwin J Weill,1
Irwin J. Weill),1
Isaac Asimov,33
Isaac Asimov),9
Isaac Asimove,1
Isaac R. Nathanson),1
J,1
J M Landels,1
J Ramsey Campbell,2
J Vernon Shea,2
J. B. Hawker,1
J. D. Macdonald,1
J. F.,2
J. F. Bone,1
J. F. Santee,1
J. G. Ballard,7
J. G. Milne Margaret Alice Murray,1
J. H. Brennan,3
J. Hunter Holly,1
J. L. Christiansen,1
J. Loughran Scott,3
J. R. R Tolkien,6
J. R. R. Tolkien,23
J. Ratcliff,1
J. S. Lefanu,1
J. Sheridan Le Fanu),5
J. Sheridan Lefanu,1
J. T. Mcintosh,14
J. T. Mcintosh Stanley G. Weinbaum,2
J. W. Groves,3
J. W. Schutz),3
J.F. Bone,1
J.T. Mcintosh,2
Jack Bradley,3
Jack C. Haldeman Ii,5
Jack Dann,3
Jack L. Chalker,3
Jack London,1
Jack O'Sullivan,2
Jack Ritchie,4
Jack Sharkey,4
Jack Vance,42
Jack Webb,1
Jack Williamson Ray Bradbury,1
Jack Williamson Robert A. Heinlein,1
Jack Williamson),3
Jack Williamson) Margulies,2
Jacob C. Solovay,1
Jacques Jean Ferrat,2
James A Roszell,2
James A. Lowrie,2
James Atlee Phillips,1
James Blish,13
James Blish),4
James Branch Cabell,4
James Causey,3
James Gelsey,1
James Gilbert R. Jackson Wilson,3
James H. Schmitz,1
James Henry Gray,3
James Holding,1
James J.,1
James Joyce,2
James Kinsley,1
James L. Christiansen,1
James Lincoln Warren,1
James Maccreigh,2
James Mckimmey,4
James Nagel Henry S. Villard,1
James Norman,2
James P. Girard,1
James Russell Lowell,1
James S. Hart,2
James Sallis,4
James Steranko,2
James Tiptree,1
James V. Taurasi,1
James Whitcomb Riley,1
James White,3
Jan Smith,2
Jane Austen,294
Jane Austen Jane Austen,1
Jane Jackman,1
Jane Langton,5
Jane Yolen,2
Janet Stevenson,1
Jason Haslam,1
Jean Mark Gawron,1
Jean-Claude Suares,2
Jean-Patrick Manchette,1
Jeanette Mccarty,1
Jeanette Windle,1
Jeff Rovin,1
Jerry Pournelle,1
Jesse Stuart,4
Jim,1
Jim Harmon,4
Jim Hendryx,2
Jim Jr. Hendryx,2
Jim Marshall,1
Jim Razzi,9
Jo Pagano John W. Owens,1
Joan D. Vinge,1
Joan Scott,1
Joanne Curnutt,1
Joe Bishop,1
Joe Gibson,1
Joe Mugnaini,1
Joe R. Lansdale,1
Joel Jenkins,2
Johann Ludwig Tieck,1
John / Lin Carter Brunner,1
John A. Keel,9
John Anthony,5
John Baxter,10
John Blackader,1
John Brunner,20
John Bunyan,1
John C. Barron.,1
John C. Peters Ph.D. James O. Hill Ph.D.,7
John Carter,2
John Christopher,2
John Collier,3
John Crichton,1
John D Macdonald,5
John D. Macdonald,6
John Dickson Carr,4
John Donne,2
John F. Kennedy Anne Morrow Lindbergh,2
John F. Speer,2
John Green,4
John Green Edgar Rice Burroughs,2
John H. Howard,1
John J Wallace,1
John Jakes,6
John Jakes),1
John Keats,9
John Keel,1
John Kennett,5
John Kessel,1
John L. Chapman),2
John Langdon,4
John Lutz,2
John Macdonald,1
John Mandeville,13
John Noble,1
John Patrick Crichton,1
John Polidori,8
John R. Kohlenberger,2
John R. Lawn,2
John R. Marshall,5
John Rackham,5
John Rankine,1
John S. Carroll,1
John Soane'S Museum Ernest Alfred Wallis Budge,1
John Varley,1
John W. Campbell Jr.,2
John W. Moore,12
John William Polidori,2
John Wilstach,1
John Wyndham,6
John/Carter Brunner,1
Johnathan Swift,20
Johnson Thomas H.,1
Johnston Mccully,1
Jon Longhi,1
Jonathan Craig,1
Jonathan Lapoma,1
Jorgen / Andersen Larsen,1
Joseph Blotner,1
Joseph Campbell,20
Joseph E. Kelleam,4
Joseph F. Pumilia,1
Joseph Heller,2
Joseph Howard Krucher,1
Joseph Illustrated By Papin,1
Joseph Jacobs,1
Joseph P. Martino,1
Joseph Papin,7
Joseph Payne Brennan,2
Joseph R. Weintraub James M. Hunt,3
Joseph Shallit,1
Joseph Skrzynski,1
Joseph Slotkin),5
Joseph W. Ferman,5
Josephine Clifford Mccrackin,1
Josephine. [Madame Blavatsky Ransom,1
Journal. Joseph Rodman Manch,1
Joy Browne M.D.,1
Joy Chant,5
Joyce Carol Oates,2
Jr. Alfred Coppel,7
Jr. Bob Ottum,3
Jr. Frederick S. Lord,3
Jr. Fritz Leiber,2
Jr. H. Nearing,1
Jr. Hendryx,1
Jr. If (Walter Miller,3
Jr. Irving Cox,1
Jr. James Mckimmey,2
Jr. James Tiptree,6
Jr. L. J. Stecher,1
Jr. Other Worlds (Walter M. Miller,2
Jr. Roy Webb,1
Jr. Walter C. Debill,2
Jr. With Stories By Ray Bradbury Edited By Sam Merwin,1
Jr.) James Mckimmey,3
Jr.) Lloyd Biggle,2
Jr.) Walter M. Miller,2
Juanita Coulson,2
Jude Fisher,1
Judith Conaway,2
Judith Conaway Arthur Conan Doyle,2
Judith Merril,5
Judith Merril Charles A. Stearns,1
Judy-Lynn Del Rey,1
Jules Saltman,3
Jules Verne,23
Julia Quinn,1
Julian F. Grow,1
Julian May Marion Zimmer Bradley,1
Julian Symons,1
Karen Haber,2
Karen P. Hall,1
Kate Wilhelm,2
Katherine Maclean,2
Kathleen C. Thompson,1
Kathleen Weidner Zoehfeld,1
Keith Bennett,5
Keith Laumer,16
Keith Roberts,1
Kelly Jones Arthur Conan Doyle,4
Kem Bennett,2
Kendell Foster Crossen,2
Kenneth Frampton,1
Kenneth O'Hara,1
Kern Foundation,2
Kevin O'Donnell,3
Kim Stanley Robinson,1
Kinsley Kinsley,1
Klefbeck. Victor B.,1
Kris Neville,10
Kriss Stephens,1
Kurt H. Volk,1
Kurt Singer,2
Kurt Von Rachen,1
Kyle Crichton,2
L,1
L Sprague De Camp,5
L. Gandini,1
L. Hopkins,1
L. J. Strehlow,1
L. L. Woods,1
L. P. Hartley,2
L. Ron Hubbard,6
L. S. De Camp,2
L. Sprague De Camp,69
L. Sprague De Camp Robert E Howard,1
L. Sprague De Camp Robert E. Howard,4
L. Sprague De Camp),4
L. Sprague De Camp. Lin Carter Robert E. Howard,1
L. Sprague Decamp,8
L. Sprague de Camp,1
L.Sprague De Camp,2
La Selle Gilman,1
La Troisième Fille Agatha Christie,1
Lafcadio Hearn,5
Larry Clinton,2
Larry Eisenberg,1
Larry Niven,11
Larry Tritten,1
Laura Engel,1
Laurence Binyon,1
Laurence M. Janifer,2
Laurence Manning,2
Laurence Olivier,1
Lawrence Blochman,1
Lawrence Blochman Edited,2
Lawrence G. Blochman,1
Lawrence Kasdan,8
Lawrence Treat,2
Le Chat,1
Le Fanu,1
Leah Bodine Drake,2
Lee Brown Coye)),3
Lee Rodgers,1
Leech Dickens,2
Leigh / Robert Moore Williams Brackett,2
Leigh / Robert Silerberg Brackett,1
Leigh / Robert Silverberg Brackett,1
Leigh / Silverberg Brackett,1
Leigh Brackett,734
Leigh Brackett /Donald Wallis,1
Leigh Brackett Edited By Oscar J. Friend With Stories By Carl Jacobi,1
Leigh Brackett Edited By Samuel Mines With Stories By A. E. Van Vogt,1
Leigh Brackett Edited By Samuel Mines With Stories By Jack Vance,1
Leigh Brackett Etc,1
Leigh Brackett G. Mcdonald Wallis,1
Leigh Brackett Horace L. Gold,1
Leigh Brackett),6
Leigh Brackett.,3
Leigh Douglass Brackett,1
Leigh Ed. Brackett,1
Leigh Und Tony Westermayr Brackett,2
Leigh Writing As George Sanders Brackett,1
Leigh. Brackett,1
Leigh/ Wallis Brackett,1
Leigh/Silverger Brackett,1
Len J. Moffatt,3
Leo,4
Leo Margulies,15
Leonard M. Lake),1
Leonard Tushnet),1
Les Collins,1
Les Pendules Agatha Christie,2
Leslie Bain,1
Leslie Charteris,18
Leslie Waltham,5
Lester Del Rey,21
Lester Del Rey Edited By Donald A. Wollheim With Stories By Chad Oliver,1
Lester Del Rey),1
Leticia V. Ramos,1
Lewis Carroll,1
Lewis Padgett,1
Lin,5
Lin / Frank Belknap Long Carter,1
Lin / Long Carter,2
Lin Carter,1094
Lin Carter David R. Bunch,1
Lin Carter George H. Smith,1
Lin Carter J.R.R. Tolkien,1
Lin Carter L. Sprague De Camp,12
Lin Carter Robert E. Howard,1
Lin Carter Thomas Burnett Swann,1
Lin Carter),33
Lin Carter.,1
Lin Carter/George H. Smith,1
Lin Carter/John Rackham,1
Lin With Cover Illustration By Gray Morrow Carter,1
Lin. Carter,1
Linda Parry,5
Lindsay Smith,5
Lisa Tuttle,1
Lisbeth Zwerger Charles Dickens,1
Liz Hufford,1
Lloyd Arthur Eshbach,2
Lloyd Biggle Jr.,1
Logan Swanson,1
Lois I. Kimball August Derleth,1
Lord Byron,1
Lord Dunsany,24
Loti Pierre,1
Louise Darcy August Derleth,1
Lovecraft,3
Lowell Howard Morrow,1
Lucilla Andrews,3
Lucius Shepard),3
Lucius Shepard) Silverberg,1
Lynda Isaacs,2
Lyndon Parker,1
M F Rupert,1
M Manent,1
M. Allen De Ford),1
M. Clingerman,2
M. Hague,1
M. R. James,1
Mabel Loomis Todd,4
Mabel Todd,1
Mack Reynolds,33
Mackinlay Kantor,4
Madsen Flemming,1
Malcolm Jameson,1
Malcolm Kenneth Murchie,5
Malcolm M. Ferguson,1
Malcolm M. Ferguson),1
Malcolm Reiss,1
Mallory Storm Stories By August Derleth,1
Malvina G. Vogel,1
Manly Bannister),1
Manly W. Wellman,1
Manly Wade Wellman,31
Map Endpaper Hjalmar Skuldt,1
Marc Humphries,2
Margaret Alice Murray,12
Margaret Anne Doody,1
Margaret Drabble,1
Margaret E. Bruner,1
Margaret Irwin,1
Margaret St Clair,1
Margaret St. Clair,37
Margaret St. Clair),2
Mari Wolf,5
Marigny,1
Marilyn Jax,1
Marion Crawford,1
Marion Smith,2
Marion Zimmer Bradley,3
Mark Clifton,5
Mark S. Geston,1
Mark St. Amant,1
Mark Twain,35
Martha D. Bianchi,2
Martha Dickinson Bianchi,12
Martin Gardner,3
Martin Greenberg,1
Martin Keogh,1
Martin Pearson,6
Marvin Kaye,1
Mary Ann Lamb,1
Mary C. Jane,1
Mary Elizabeth Counselman,6
Mary K Neff,1
Mary Mapes Dodge,1
Mary Shelley,1
Mary Wol Norton,2
Mary Wollstonecraft Shelley,25
Marya Zaturenskya Horace Gregory,1
Mather H. Walker,2
Matt Lee),4
Matthew Arnold,1
Maureen Exter,1
Maurus JÃ kai,1
Max Sheridan,1
Max. . Ehrmann,1
Maynard Mack,1
Mcilvaine S August Derleth,2
Md David H. Keller,1
Md John Bernard Henry James Campbell Todd,1
Mel Anastasiou,1
Melvin D. Joesten John C. Kotz,3
Merritt Abraham,1
Merte Ahnfeldt-Mollerup,1
Michael A. Banks,3
Michael Andersen,1
Michael Bishop,1
Michael Congdon,1
Michael F. X. Milhaus,1
Michael G. Coney,1
Michael Gilbert,4
Michael Gomes,2
Michael Meyer,1
Michael Moorcock,20
Michael Shaara,6
Michael Walker,1
Mike Brett,1
Mike Brett),1
Mike Curry,2
Mike Lupica,1
Mike Madrid,2
Mike Mason,1
Mike Petersen,2
Mildred Clingerman,5
Mildred Johnson,1
Millicent Todd Bingham,1
Milto,1
Milton Lesser,6
Miriam Allen De Ford,1
Miriam Allen Deford,4
Mitsu Yamamoto,1
More),2
Morris Hershman,1
Mort Weisinger),2
Mrs. Henry Wood,1
Mult-Leigh Brackett-Harness-Sheldon-St. Clair,2
Murray Leinster,28
Murray Leinster A.E. Van Vogt,1
Murray Leinster Arthur C. Clarke,1
Murray Leinster P. Schuyler Miller,1
Murray Shaw,2
Myla Jo Closser,1
Mystery (Michael Croft,2
N. W. Bass.,1
NA,1974
Nabia Abbott,10
Nathaniel,2
Nathaniel Bradstreet Shurtleff,1
Nathaniel Hawthorne,14
Nathaniel Hawthorne P. Craig Russell,1
Nathaniel Hawthorne Sparknotes,1
Nazaret De Terán Bleiberg,2
Nedra Tyre,1
Neil Barret Jr Isaac Asimov,1
Nelle E. Moore,1
Nelson Bond,9
Nelson S. Bond,2
Nicholas Monsariat,2
Nicholas Selby,1
Nigel Grimshaw,1
Nikolai Gogol,2
Nils Osmar,1
Noah Tsika,1
Noel Loomis,1
Nord Riley,1
Norman,2
Norman Spinrad,2
O' Henry,1
O. B. Super,1
O. H. Leslie,1
O.Henry Saki,5
Octavus Roy Cohen,1
Olaf Stapledon,1
Olga Webber,1
Oliver E. Saari,2
Oliver Jensen,1
Oliver Saari,4
Orbit (August Derleth,4
Orbit (George R. Price,1
Orbit (Mack Reynolds,1
Orbit Science Fiction),1
Orson Scott,1
Orson Scott Card,1
Orwell George,2
Oscar J. Friend,2
Oscar Wilde,22
Oswald Spengler,5
Other Worlds (A. R. Steber,2
Other Worlds (Raymond Palmer,1
Other Worlds (William F. Temple,1
Otis Adelbert Kline,2
Otto Willi Gail,1
Outlet Book Company Staff,3
Ova Hamlet,8
Owen Johnson,1
P G Wodehouse,1
P. F. Costello,1
P. G. Wodehouse,2
P. Nyboe Und Poul Dam Andersen,1
P. Schuyler Miller,2
Pa,2
Pablo Neruda,1
Pachomius Pachomius,2
Palmer Bovie,9
Palmer Raymond,5
Pamela Sargent,2
Paolo Sedazzari,1
Paris Flammonde,1
Pat Mcintosh,2
Patricia Nurse,3
Patricia Rosemoor,1
Paul Bradley Sterman,1
Paul Brandts,6
Paul Eiden,1
Paul Ernst,1
Paul Fairman,1
Paul Flehr,1
Paul Groves,1
Paul Hutchens,1
Paul L. Payne,3
Paul Lawrence Payne,1
Paul Park,1
Paul Spencer,2
Paul Suter,1
Paul Suter),1
Pedro Antonio De Alarcón,1
Peter Fairclough,1
Peter Folger,2
Peter Haining,4
Peter Packer,1
Peter Ruber,1
Peter Worth,1
Petrovna Blavatsky Helena,2
Ph.D. E. E. Smith,1
Philip Dick,1
Philip E / David Grinnell High,1
Philip E High,1
Philip E. High,4
Philip Jose Farmer,5
Philip K Dick,4
Philip K. / Derleth Dick,1
Philip K. Dick,16
Philip K. Dick Philip K. Dick,1
Philip Latham,1
Philip Macdonald,1
Philip Nobis,1
Philip Wylie,3
Philip Wylie Ray Bradbury,3
Phyllis Gotlieb,3
Phyllis Lee Peterson,1
Pierre Loti,12
Pierre P. Loti-Viaud,1
Pierre Pêcheur D'Islande Loti,1
Piers Anthony,3
Piers Anthony If (Robert E. Margroff,2
Planet (Leigh Brackett,9
Planet (Ray Bradbury,1
Planet Stories (Leigh Brackett,3
Planet Stories),2
Plymouth Public Library Staff Arthur Conan Doyle,1
Polidori John William,1
Polton Cross,3
Poole Sophia Lane,4
Postgate Wells,1
Potter Gift,1
Poul / Bradbury Anderson,1
Poul A. Andersen,2
Poul Andersen,14
Poul Andersen Medelby,3
Poul Andersen.Ved,1
Poul Anderson,28
Poul Anderson),5
Poul Carit Andersen,4
Poul Erik Tojner,1
Poul Gerhard Andersen,1
Poul Gerhard. Andersen,1
Poul Martin Mã¸Ller,1
Poul Martin Møller,2
Poul Nyboe Andersen,3
Poul-Gerh. Andersen,1
Poul-Gerhard Andersen,19
Poul-Gerhard. Andersen,1
Poul. Andersen,1
Poul. Anderson,1
Poul. Gernes,2
Prideaux John Selby,2
Q. Patrick,1
R Etzensberger,2
R Russell Wakefield,1
R. A. Lafferty,4
R. A. Salvatore,2
R. Bretnor,6
R. C. W. Ettinger,4
R. Chetwynd-Hayes,1
R. Kent Rasmussen,1
R. L. Harding,1
R. R. Winterbotham,1
R. V. Humphrey,2
R. Van Taylor,1
R. W. Ettinger,3
R.A./ Mcintoshk Lafferty,2
R.C.W. Ettinger,1
R.V. Humphrey,1
Rachel Carson,20
Rachel Cosgrove Payes,1
Rachel Wetzsteon,3
Rafael Llopis Paret,1
Rafael Moneo,1
Ralph Robin,1
Ralph Sholto,3
Ralph Sloan,4
Ralph Waldo Emerson,27
Ramsey Campbell,15
Randall Garrett,5
Randall Garrett On Leigh Brackett),3
Random House Value Publishing Staff,9
Ray Bradbury,60
Ray Bradbury / John D. Macdonald / Henry Kuttner,3
Ray Bradbury L. Ron Hubbard,1
Ray Bradbury),3
Ray Cummings,1
Ray Cummings Frank Belknap Long,1
Ray Cummings),1
Ray Errol / Gardner Fox,1
Ray Palmer,2
Ray Russell,1
Raymond A. Palmer,9
Raymond C. Moore,1
Raymond C. Palmer,2
Raymond E Banks,1
Raymond E. Banks,1
Raymond F. Jones,7
Raymond Gallun,2
Raymond L. Lee,2
Raymond Palmer,5
Raymond Van Houten,3
Raymond Williams,1
Raymond Z. Gallun,6
Raymond Z. Gallun),4
Recopilacion: Kurt Singer. August Derleth,1
Reginald Bretnor,5
Retold By Padraic Colum,1
Rev. E. E. Hale,2
Reverend J. G. Wood,1
Revised By Rev. Edward Everett Hale,1
Revisions,1
Rex Schneider,1
Rex Stout,1
Ricardo Mosquera Martínez,2
Rice Burroughs,9
Richard / De Camp Shaver,1
Richard A. Lupoff,1
Richard Ashby,2
Richard B. Sewall,1
Richard C Meredith,1
Richard C. Meredith,3
Richard English),6
Richard F. Outcault. With A New Introduction By August Derleth,1
Richard Garnett,1
Richard Harding Davis,3
Richard Hardwick),1
Richard Hicks,1
Richard Hughes,1
Richard J. Hurley,2
Richard L. Loughlin,1
Richard L. Tierney,1
Richard Lancelyn Green,2
Richard Lancelyn Green Arthur Conan Doyle,4
Richard Lupoff,2
Richard Marsh,1
Richard Matherson,1
Richard Matheson,20
Richard Nebesky,1
Richard S Shaver,2
Richard S. Shaver,6
Richard S. Shaver T. P. Caravan,1
Richard S. Weinstein,1
Richard S. Weinstein Gordon R. Dickson,3
Richard Sharpe,1
Richard Shaver,3
Richard Snead,1
Richard Stern,1
Richard Stooker,1
Richard Voss,7
Richard Weston,1
Richard Wilson,4
Richardson Osborne,4
Rick Bryant,2
Ripley'S Believe It Or Not,1
Rita M. Ransohoff,1
Roald Dahl,1
Roark Bradford,1
Rob,1
Rober Hoskins,1
Rober Lory,1
Robert,2
Robert A Heinlein,1
Robert A. Heinlein,21
Robert A. Heinlein),2
Robert A. Lowndes,1
Robert A.W. Lowndes,1
Robert Abbett,2
Robert Abernathy,13
Robert Abernathy),2
Robert Alan Blair,3
Robert Andrea,1
Robert Arthur,4
Robert Bloch,42
Robert Bloch Anonymous Anthology) [Algernon Blackwood,3
Robert Bloch Edited By Dorothy Mcilwraith With Stories By Theodore Sturgeon,1
Robert Bloch Fritz Leiber (Intros By Ray Bradbury,1
Robert Bloch Isaac Asimov,1
Robert C. Moellering David N. Gilbert,5
Robert Christie,1
Robert Courtney,1
Robert Crichton,1
Robert Donald Spector Charles Dickens,4
Robert E Howard,5
Robert E.,2
Robert E. / Derleth Howard,1
Robert E. Gard,3
Robert E. Gard Jesse Stuart,1
Robert E. Howard,30
Robert E. Howard / Leigh Brackett,2
Robert E. Howard // August Derleth,3
Robert E. Lory,2
Robert E. Margroff,1
Robert E. Sherwood,1
Robert E./Brackett Howard,1
Robert Edmond Alter,1
Robert F. Young,17
Robert Frost,5
Robert Giraud,1
Robert Graves,3
Robert Hokins,1
Robert Hoskins,5
Robert Lory,1
Robert Louis Stevenson,3
Robert Margulies,2
Robert Mason,4
Robert Moore / Brackett Williams,1
Robert Moore Williams,11
Robert N. Linscott,8
Robert P. Mills,1
Robert Ray,2
Robert Reed,1
Robert Saffron,3
Robert Sampson,2
Robert Sheckley,5
Robert Sheckley),4
Robert Silverberg,21
Robert Smith Candlish,2
Robert Storm Petersen / Poul Carit Andersens Værløse / Tegneren Robert Storm Petersens Museumsfond,1
Robert Thurston,6
Robert Trumbull,1
Robert W. Chambers,2
Robert W. Service,1
Robert Willey,1
Robert With A Foreword By Graves,1
Robert Zacks,1
Roberta Ghidalia,1
Robin Carson,1
Robin Roberts,8
Robin Scott,3
Rog Phillips,8
Rog Phillips),2
Roger,1
Roger Angell,1
Roger B Goodman,2
Roger Dee,2
Roger Dee),4
Roger Elwood,9
Roger H. Grant,2
Roger Lancelyn Green,2
Roger Zelazny,42
Roger. Dee,1
Rollo L.,1
Ron Goulart,1
Ron Goulart Robert F. Young,1
Ron Smith,3
Ron Walotsky,1
Ronald Blythe,1
Rose Sharon,2
Ross Rocklynne,14
Ross Rocklynne Ray Bradbury,2
Roy G. Krenkel,5
Rozanne Lanczak Williams,1
Ruby Zagoren August Derleth,1
Rudolph Dirks,2
Rudyard Kipling,12
Running Press Staff,5
Rupert Brooke,1
Rupert Hughes,24
Russ Jones,3
Russell Bates,1
Russell Kerr,1
Russell Kerrr,1
Ruth Carson,1
S A Lombino,1
S. A. Lombino,3
S. Fowler Wright,1
S. H. Butcher,1
S. J. Byrne,1
Saki,4
Saki (H. H. Munro,1
Saki August Derleth,1
Sam Jr. Merwin,4
Sam Moskowitz,1
Sam Moskowitz),3
Samuel Katz,1
Samuel Klarreich James L. Francek,1
Samuel Loveman,1
Samuel Mines,4
Samuel R. Delany,1
Sandra M. Gilbert,2
Sarah Josepha Hale,1
Sarah Orne Jewett,2
Saturn (Gordon R. Dickson,1
Saturn (James H. Schmitz,1
Sax Rohmer,4
Sax Rohmer) Wollheim,2
Science Fiction,1
Science Fiction Adventures Classics (Richard S. Shaver,1
Science Fiction Classics (Hugo Gernsback,2
Science Fiction Yearbook: Ed. By Helen Tono (Isaac Asimov,1
Science Stories (Virgil Finlay,1
Scott Mariner,1
Scott-Elliot W.,1
Scott-Elliot William,2
Seabury Quinn,12
Seth Grahame-Smith,2
Sharon Moore,1
Sharon Olds,2
Shaver-Richard,1
Shelley Moore Thomas,2
Shelley Peterson,1
Sherlock Holmes,1
Sherry R. Arnstein Alan A. Altshuler,2
Sherwood Springer,3
Shirley Jackson,5
Shirley Jakcson,1
Sholom Aleichem,2
Sidney Austen,1
Sidney Edward Paget,3
Sidney J. Bounds,1
Sister Mariella Gable,1
Smith Jacobi,1
Société Théosophique De France,1
Sol Galaxan,4
Sol Smith,1
Sonia Gr,1
Sonia Gr Lovecraft Fowke,1
Sophia Lane Poole,7
Sophie Hannah,3
Sophocles,1
Soverign Falconer,1
Space (Leigh Brackett,5
Spaceway (Andre Norton,1
Stanley Dehler Mayer,1
Stanley G Weinbaum,1
Stanley G. Weinbaum,7
Stanley Mullen,5
Stanley William Hayter,1
Stanley Wyatt,1
Stanton A. Coblentz,3
Stanton A. Coblentz),2
Stark Young Lyman,1
Startling (Edmond Hamilton,2
Startling (Jack Vance,3
Startling (L. Sprague De Camp,4
Startling (Wallace West,4
Startling Mystery (E. Hoffman Price,1
Startling Mystery Stories),1
Startling Stories,1
Stephanie Bond Vicki Lewis Thompson,2
Stephen Crane,2
Stephen Gill,1
Stephen Grendon,3
Stephen Grendon (August Derleth,1
Stephen Haefner,1
Stephen Leigh,3
Stephen Marlowe,1
Stephen Tall,7
Stephen W. Whicher,1
Sterling E. Lanier,1
Sterphen Arr),1
Steve Journal. Eisner,1
Steve Keels,2
Steven R. Pliszka Caryn L. Carlson,1
Steven Utley),4
Steven Vail,2
Stories As Selected By Actor Christopher Lee,3
Stories By H.P. Lovecraft,1
Stuart Moore,10
Stuart Palmer,4
Super Science (Charles R. Tanner,1
Super Science (Fox B. Holden,1
Super Science (Ross Rocklynne,2
Super Science Stories),2
Susan Ostrov Weisser,1
Suzanne Church,1
Suzanne Pickett,1
Syd Hoff,2
Sydney Van Scyoc,1
Sylvia Jacobs,1
T. P. Caravan,2
T. S. Eliot,29
T.C. Elliott Lewis A. Mcarthur,1
T.E. Dikty,2
Talmage Powell,4
Tanith Lee,6
Tanya Barnard,5
Tarleton Fiske,2
Ted Thomas,1
Ted White,4
Terry Carr,5
Tery Carr),1
Theodore Enslin,1
Theodore L. Thomas,9
Theodore Sturgeon,36
Theodore Sturgeon Robert A. Heinlein,2
Theodore Sturgeon),4
Theosophical Society.],1
Thomas,3
Thomas / Ralph Waldo Emerson Carlyle,2
Thomas Bovie Bulfinch,1
Thomas Bulfinch,571
Thomas Bulfinch.,1
Thomas Burke,3
Thomas Burnett Swann,4
Thomas Carlisle,1
Thomas Cleary,1
Thomas F. Monteleone,2
Thomas Floyd Edgar Rice Burroughs,1
Thomas Godfrey,3
Thomas Gray,5
Thomas H. Edited By Johnson,1
Thomas H. Johnson,8
Thomas J. Fleming,1
Thomas Johnson,1
Thomas M'Crie,2
Thomas M. Davis,2
Thomas Malory,23
Thomas Mccrie,1
Thomas Moore,4
Thomas N. Scortia,2
Thomas Scotia,2
Thomas Thomas Bulfinch Bulfinch,1
Thomas Wentworth Higginson,2
Thomas With J Loughran Scott Editor Bulfinch,1
Thomas. Bulfinch,17
Thomas. Forward By Robert Graves Bulfinch,2
Thornton Deky),1
Thorp Mcclusky,1
Thrilling Wonder (Dirk Wylie,2
Thrilling Wonder (Leigh Brackett,4
Thrilling Wonder (Noel Loomis,3
Thrilling Wonder (Wallace West,2
Thrilling Wonder Stories (Wallace West,1
Thrilling Wonder Stories),1
Tim Kirk,2
Timothy Severin,1
Timothy Zahn,1
Tom Alvarez,1
Tom Bailey,1
Tom Godwin,3
Tom Purdom,1
Tom Reamy,1
Tom Seligson),2
Tops In Science Fiction (Leigh Brackett,3
Tops In Science Fiction (Ray Bradbury,2
Translated From The German Of Richard Voss By Gustav Adolf Danziger,1
Tresury Of Great Science Fiction: Ed. By Jim Hendryx (Ray Bradbury,4
Trevor Cook,1
Ultimate Publishing Co.,3
Unknown Unknown,1
Ursula K. Le Guin,4
Valdemar Andersen,1
Van Vogt,1
Vance Aandahl,1
Vaseleos Garson,1
Vc Ghidalia,1
Venture (Theodore Sturgeon,1
Venture (Tom Goodwin,2
Venture Science Fiction Theodore Sturgeon,1
Vera Caspary,1
Verge Foray,2
Vernor Vinge,4
Vic Ghidalia,9
Vicente Muoz Puelles,1
Vilhelm Andersen Poul Martin Mã¸Ller,1
Vincent Buranelli,1
Vincent Difate,4
Vincent Persichetti,1
Vincent Price,3
Vincent Sheean,1
Vincent Sheehan,2
Vincent Starrett,1
Virgil Finlay,3
Virgil Finlay Robert A. Heinlein,1
Virgil Finlay),2
Virginia Coffman,1
Virginia Loh-Hagan,1
Von Daniken,2
Vsevolod Ivanov,1
W. Courtney,1
W. H. Klapp,2
W. I. Johnstone,4
W. Macfarlane,1
W. S. Doxey,3
W. Scott Elliot,1
W. Scott-Elliot,1
W. V. Athanas,1
Waggoner Hawthorne,2
Wallace Stevens,2
Wallace West,1
Wallis Budge,47
Wallis Budge E.A.,1
Wallis E. A. Budge,1
Wallis E.A. Budge,1
Wallis Sir Budge,2
Wallis-Budge,4
Wallis. Budge,1
Walt Disney Company,1
Walt Disney Enterprises Staff Edgar Rice Burroughs,1
Walt Sheldon,9
Walt Whitman,24
Walter B. Rideout,2
Walter Blair,1
Walter Copland Perry,1
Walter Farley,1
Walter John Coates,1
Walter Kublius,1
Walter M. Derleth Miller,1
Walter M. Jr. Miller,1
Walter M. Miller,3
Walter M. Miller Jr.,1
Walter Scott Amelia B. Edwards,4
Warner Berthoff,1
Washington Irving,1
Weird Tales (Allison V. Harding,2
Weird Tales (August Derleth,1
Weird Tales (C. Hall Thompson,1
Weird Tales (Gordon Maccreagh,1
Weird Tales (Manly Banister,1
Weird Tales (Robert Bloch,1
Weird Tales (Theodore Sturgeon,3
Weird Tales: Edmond Hamilton,1
Wenzell Brown,1
Wenzell Brown),1
Wesley Arnold,1
Wesley Barefoot,1
Wesso,2
Wheaton Henry,1
Whit Burnett,1
Whitman Kipling,1
Whitney Montgomery,3
Wilbur S. Peacock),4
Wilfred Owen Morley,1
Wilkie Collins,9
Will Barnet,1
Will F. Jenkins,1
Willa Reid,1
Willard Marsh,1
William Beckford,7
William Blake,17
William Blake Trask,1
William Boyce,1
William C. Bailey,2
William Carlos Williams,1
William Carroll,1
William E Barrett,2
William F. Burger Gary L. Musser,2
William F. Temple,4
William Faulkner,30
William Fitzgerald,1
William Fuller,2
William G. Elliot Jr. Leslie M. Scott,1
William H. Klapp,1
William Hope Hodgson,7
William Jardine,3
William Jardine Robert Hermann Schomburgk,1
William L. Hamling,1
William March,1
William Morris,1
William Morrison),2
William Nolan,1
William P. McGivern,1
William P. Mcgivern,3
William Ratigan),1
William S. Corwin,1
William Scott Elliot,2
William Scott-Elliot,1
William Shakespeare,31
William Swainson,3
William Temple Leigh Brackett,3
William Tenn,5
William Tenn Fritz Leiber Jr.,2
William Tenn),1
William W. Stuart,3
William W. Stuart),3
William. Memoir Of Aristotle By Andrew Crichton. Jardine,1
William. Memoir Of Bruce By Andrew Crichton. Swainson,1
William. Memoir Of Le Vaillant By Andrew Crichton. Swainson,1
Wilma Shore,1
Winsor Mccay,1
With An Introduction By August Derleth Edited,1
Worlds Of Fantasy (John Jakes,1
Worlds Of Tomorrow (Lin Carter,3
Yves Theriault,1
Zane Grey,3
Zealia Brown Bishop,2
Zenna / Leiber Henderson,1
Zenna Henderson,1
